<!--
Copyright (C) 2014-2021  Barry de Graaff

This program is free software: you can redistribute it and/or modify
it under the terms of the GNU General Public License as published by
the Free Software Foundation, either version 2 of the License, or
(at your option) any later version.

This program is distributed in the hope that it will be useful,
but WITHOUT ANY WARRANTY; without even the implied warranty of
MERCHANTABILITY or FITNESS FOR A PARTICULAR PURPOSE.  See the
GNU General Public License for more details.

You should have received a copy of the GNU General Public License
along with this program.  If not, see http://www.gnu.org/licenses/.
-->
<zimlet name="com_zimbra_user_attachment_limit_admin" version="0.0.3" label="User Attachment Limit" description="User Attachment Limit" extension="true">
    <include>com_zimbra_user_attachment_limit_admin.js</include>
    <include>ZaUserAttLimitViewController.js</include>
    <include>ZaUserAttLimitTab.js</include>
    <include>sorttable.js</include>
    <disableUIUndeploy>FALSE</disableUIUndeploy>
</zimlet>
